Workbook

Sheet Log
B2: Marathon Training Log — Pre-Super Base
B3: Stablemaster's Method (John Starrett). Yellow cells are yours to fill in after each session. | F3: Yellow = your input after the run. Example: Actual Duration 66, Distance 4.7, Avg Pace 14:02, Avg HR 148, Max HR 161, RPE 5.
B5: Date | C5: Day | D5: Wk | E5: Session Type | F5: Planned Workout | G5: Peloton Class Used | H5: Status | I5: Planned Duration (min) | J5: Actual Duration (min) | K5: Distance (mi) | L5: Avg Pace (min/mi) | M5: Avg HR (bpm) | N5: Max HR (bpm) | O5: RPE / Felt (1-10) | P5: Notes
B6: 46230 | C6: Mon | D6: 1 | E6: Easy | F6: Easy run 65 min — conversational effort, nose-breathing | G6: 10 min Pre-Run Warm Up with Matt Wilpers + 30 min Tempo Run with Matt Wilpers | H6: Done | I6: 65 | J6: 65 | K6: 5.01 | L6: 12.97 | M6: 171 | N6: 178 | O6: 5 | P6: Completed additiona 35 min run with Apple watch. Heart rate did not actually reflect RPE. Slightly hot weather and mix of hills.
B7: 46231 | C7: Tue | D7: 1 | E7: Key – Strides | F7: KEY: WU + 3x(5x20s @ 5K effort, jog back) w/ 3 min jog between sets + CD | G7: 10 min Pre-Run Warm Up + 45 min Marathon Race Prep (Becs Gentry) followed by 5 min stretch. | H7: Done | I7: 50 | J7: 55 | K7: 2.8 | L7: 16.2 | M7: 144 | N7: 176 | O7: 6 | P7: 5x20 @5K effort > 20 sec run + 1 min jog at 4 min/mile Speeds: 6.5/6.7/6.2 Incline: 0.5/1/0 First 10 min warmup + last remaining cooldown walk. Heart rate was jumping. But maintained conversational pace in between. Cooldown/recovery saw a heartrate drop of around 10-15 bpm from the Max. Used treadmill.
B8: 46232 | C8: Wed | D8: 1 | E8: Rest | F8: Rest / cross-train (easy bike/swim optional) | G8: 30 min Strength for Runners with Andy Speer | H8: Done | I8: 0 | J8: 30 | K8: 0 | L8: 0 | M8: 108 | N8: 146 | O8: 4 | P8: Strength training for runners. Used 15 lb dumbell pair. Not overloading.
B9: 46233 | C9: Thu | D9: 1 | E9: Easy | F9: Easy run 45-50 min (or rest if legs heavy from Tue) | G9: 30 min Pop Run with Selena Samuela + Apple Run for 15 min | H9: Planned | I9: 50 | J9: 50 | K9: 3.43 | L9: 13.11 | M9: 140 | N9: 188 | O9: 5 | P9: Easy run. Did some minor pushes inadvertently. Still felt good with nose breathing for most part. Last 15 min walked more due to incline.
B10: 46234 | C10: Fri | D10: 1 | E10: Key – Hills | F10: KEY: WU + drills + 4x 8-sec blasts (2:30 min walk recovery) | G10: 20 min Advanced Beginner Run with Olivia Amato + 20 min total Apple workout + cooldown + stretching | H10: Planned | I10: 45 | J10: 45 | K10: 2.47 | L10: 15.23 | M10: 134 | N10: 161 | O10: 4 | P10: Coupled easy run as warmup then performed the drills for Hill Blast.
B11: 46235 | C11: Sat | D11: 1 | E11: Long | F11: Long run 90 min easy — no tempo, conversational | G11: Tracked via Apple Watch + 10 min warmup class | H11: Planned | I11: 90 | J11: 90 | K11: 7.18 | L11: 12.3 | M11: 160 | N11: 178 | O11: 5 | P11: Easy run. Heart rate still climed up, but the occasional walks helped heart rate to come down. Forgot headphones that did cause some unease.
B12: 46236 | C12: Sun | D12: 1 | E12: Rest | F12: Rest | G12: Walk | H12: Planned | I12: 0 | J12: 45 | K12: 1.76 | L12: 26.49 | M12: 97 | N12: 106 | O12: 2 | P12: Long walk with the dog to move around. No exersion at all.
B13: 46237 | C13: Mon | D13: 2 | E13: Rest | F13: Rest / cross-train (easy bike/swim optional) | G13: Plan to finish the Strength class from week 1 | H13: Planned | I13: 0
B14: 46238 | C14: Tue | D14: 2 | E14: Easy | F14: Easy run 65 min — conversational effort, nose-breathing | H14: Planned | I14: 65
B15: 46239 | C15: Wed | D15: 2 | E15: Key – Strides | F15: KEY: WU + 3x(5x30s @ 5K effort, jog back) w/ 3 min jog between sets + CD | H15: Planned | I15: 52
B16: 46240 | C16: Thu | D16: 2 | E16: Rest | F16: Rest / cross-train (easy bike/swim optional) | H16: Planned | I16: 0
B17: 46241 | C17: Fri | D17: 2 | E17: Easy | F17: Easy run 45-50 min (or rest if legs heavy from Wed) | H17: Planned | I17: 50
B18: 46242 | C18: Sat | D18: 2 | E18: Key – Hills+Long | F18: KEY: WU + drills + 4x 8-sec blasts (2:30 min walk recovery) — film your form | + Long run 90 min easy | H18: Planned | I18: 135
B19: 46243 | C19: Sun | D19: 2 | E19: Rest | F19: Rest | H19: Planned | I19: 0
B20: 46244 | C20: Mon | D20: 3 | E20: Rest | F20: Rest / cross-train (easy bike/swim optional) | H20: Planned | I20: 0
B21: 46245 | C21: Tue | D21: 3 | E21: Easy | F21: Easy run 65 min — conversational effort, nose-breathing | H21: Planned | I21: 65
B22: 46246 | C22: Wed | D22: 3 | E22: Key – Strides | F22: KEY: WU + 3x(5x40s @ 5K effort, jog back) w/ 3 min jog between sets + CD | H22: Planned | I22: 55
B23: 46247 | C23: Thu | D23: 3 | E23: Rest | F23: Rest / cross-train (easy bike/swim optional) | H23: Planned | I23: 0
B24: 46248 | C24: Fri | D24: 3 | E24: Easy | F24: Easy run 45-50 min (or rest if legs heavy from Wed) | H24: Planned | I24: 50
B25: 46249 | C25: Sat | D25: 3 | E25: Key – Hills+Long | F25: KEY: WU + drills + 6x 8-sec blasts (2:30 min walk recovery) | + Long run 90 min easy | H25: Planned | I25: 140
... B61: 46285 | C61: Sun | D61: 8 | E61: Rest | F61: Rest | H61: Planned | I61: 0

Sheet Weekly Summary
B2: Weekly Summary
B3: Auto-calculated from the Log sheet — nothing to fill in here.
B5: Wk | C5: Sessions Logged | D5: Total Actual Minutes | E5: Total Distance (mi) | F5: Avg RPE
B6: 1 | C6: =COUNTIFS(Log!$D$6:$D$61,B6,Log!$H$6:$H$61,"Done") -> 3 | D6: =SUMIFS(Log!$J$6:$J$61,Log!$D$6:$D$61,B6) -> 380 | E6: =SUMIFS(Log!$K$6:$K$61,Log!$D$6:$D$61,B6) -> 22.65 | F6: =IFERROR(AVERAGEIFS(Log!$O$6:$O$61,Log!$D$6:$D$61,B6,Log!$H$6:$H$61,"Done"),"") -> 5
B7: 2 | C7: =COUNTIFS(Log!$D$6:$D$61,B7,Log!$H$6:$H$61,"Done") -> 0 | D7: =SUMIFS(Log!$J$6:$J$61,Log!$D$6:$D$61,B7) -> 0 | E7: =SUMIFS(Log!$K$6:$K$61,Log!$D$6:$D$61,B7) -> 0 | F7: =IFERROR(AVERAGEIFS(Log!$O$6:$O$61,Log!$D$6:$D$61,B7,Log!$H$6:$H$61,"Done"),"")
B8: 3 | C8: =COUNTIFS(Log!$D$6:$D$61,B8,Log!$H$6:$H$61,"Done") -> 0 | D8: =SUMIFS(Log!$J$6:$J$61,Log!$D$6:$D$61,B8) -> 0 | E8: =SUMIFS(Log!$K$6:$K$61,Log!$D$6:$D$61,B8) -> 0 | F8: =IFERROR(AVERAGEIFS(Log!$O$6:$O$61,Log!$D$6:$D$61,B8,Log!$H$6:$H$61,"Done"),"")
B9: 4 | C9: =COUNTIFS(Log!$D$6:$D$61,B9,Log!$H$6:$H$61,"Done") -> 0 | D9: =SUMIFS(Log!$J$6:$J$61,Log!$D$6:$D$61,B9) -> 0 | E9: =SUMIFS(Log!$K$6:$K$61,Log!$D$6:$D$61,B9) -> 0 | F9: =IFERROR(AVERAGEIFS(Log!$O$6:$O$61,Log!$D$6:$D$61,B9,Log!$H$6:$H$61,"Done"),"")
B10: 5 | C10: =COUNTIFS(Log!$D$6:$D$61,B10,Log!$H$6:$H$61,"Done") -> 0 | D10: =SUMIFS(Log!$J$6:$J$61,Log!$D$6:$D$61,B10) -> 0 | E10: =SUMIFS(Log!$K$6:$K$61,Log!$D$6:$D$61,B10) -> 0 | F10: =IFERROR(AVERAGEIFS(Log!$O$6:$O$61,Log!$D$6:$D$61,B10,Log!$H$6:$H$61,"Done"),"")
B11: 6 | C11: =COUNTIFS(Log!$D$6:$D$61,B11,Log!$H$6:$H$61,"Done") -> 0 | D11: =SUMIFS(Log!$J$6:$J$61,Log!$D$6:$D$61,B11) -> 0 | E11: =SUMIFS(Log!$K$6:$K$61,Log!$D$6:$D$61,B11) -> 0 | F11: =IFERROR(AVERAGEIFS(Log!$O$6:$O$61,Log!$D$6:$D$61,B11,Log!$H$6:$H$61,"Done"),"")
B12: 7 | C12: =COUNTIFS(Log!$D$6:$D$61,B12,Log!$H$6:$H$61,"Done") -> 0 | D12: =SUMIFS(Log!$J$6:$J$61,Log!$D$6:$D$61,B12) -> 0 | E12: =SUMIFS(Log!$K$6:$K$61,Log!$D$6:$D$61,B12) -> 0 | F12: =IFERROR(AVERAGEIFS(Log!$O$6:$O$61,Log!$D$6:$D$61,B12,Log!$H$6:$H$61,"Done"),"")
B13: 8 | C13: =COUNTIFS(Log!$D$6:$D$61,B13,Log!$H$6:$H$61,"Done") -> 0 | D13: =SUMIFS(Log!$J$6:$J$61,Log!$D$6:$D$61,B13) -> 0 | E13: =SUMIFS(Log!$K$6:$K$61,Log!$D$6:$D$61,B13) -> 0 | F13: =IFERROR(AVERAGEIFS(Log!$O$6:$O$61,Log!$D$6:$D$61,B13,Log!$H$6:$H$61,"Done"),"")
B14: Block total | C14: =SUM(C6:C13) -> 3 | D14: =SUM(D6:D13) -> 380 | E14: =SUM(E6:E13) -> 22.65

Sheet Session Guide
B2: Session Guide — Pre-Super Base (Stablemaster's Method)
B3: Quick reference. Full detail lives in your Foundation & Pre-Super Base workbook's Workout Library tab.
B5: Easy Run (Mon, 65 min) | C5: Conversational effort, full sentences, nose-breathing if possible. Peloton: any easy/'fun run' or Zone 2 tread class of matching length — ignore output/pace pushes, run by feel.
B7: Easy Run (Thu, 45-50 min) | C7: Same easy effort, shorter. Skip or shorten if legs are heavy from Tue strides or the upcoming Fri hill session.
B9: Aerobic Strides (Tue, KEY) | C9: Reps at ~5K effort to a landmark, jog back, big recovery between sets. Peloton: use a class for the warm-up/cool-down only, then pause it and self-control the treadmill for the rep timing — no canned class matches this exact protocol.
B11: Hill Blasts (Fri or Sat, KEY) | C11: 8-sec near-max effort on a shallow incline (~5%), 2:30 WALK recovery between reps. Mantra: tall / relaxed / piston / pop. Week 1: Friday (own day). From week 2 on: same day as the long run (Saturday), done first, before the long run. Peloton: use a class for warm-up music/voice, then pause it and control incline/timing yourself — no canned class matches this protocol.
B13: Long Run (Saturday, 90 min) | C13: Anchored on Saturday every week per your preference. Stays at 90 min all block — easy, conversational, no tempo. From week 2 on it follows straight after hill blasts on the same day; week 1 only, it's a standalone Saturday session since hill blasts landed on Friday that week. Great one to run alongside a full-length Peloton easy/scenic tread class.
B15: Rest / Cross-train | C15: Full rest, walk, or easy low-impact cardio (bike/swim). Never turn it into a secret run.
B17: Effort guide | C17: There are no pace targets in this block by design — run everything by feel. Pace/HR should be LOGGED for your own trend-tracking, not used as a target.
